Graph Construction, Shortest Path, Centrality, Community
2.1324944496154785, 0.060034990310668945, 0.350325345993042, 0.048940420150756836
2.288137197494507, 0.06535792350769043, 0.35227036476135254, 0.04935741424560547
2.3807437419891357, 0.06764674186706543, 0.40478038787841797, 0.05191802978515625
2.2783474922180176, 0.06264948844909668, 0.36008310317993164, 0.051760196685791016
2.2760698795318604, 0.06777048110961914, 0.36200857162475586, 0.048903703689575195
