Graph Construction, Shortest Path, Centrality, Community
2.1646840572357178, 0.43718671798706055, 1.1660172939300537
