Graph Construction, Shortest Path, Centrality, Community
2.0630767345428467, 0.4458043575286865, 1.1137824058532715, 0.04748892784118652
2.0681562423706055, 0.5236110687255859, 1.1691162586212158, 0.05035042762756348
2.1241471767425537, 0.49791717529296875, 1.1613240242004395, 0.0473475456237793
2.1009631156921387, 0.43592190742492676, 1.1527674198150635, 0.051021575927734375
2.1517910957336426, 0.6149845123291016, 1.1626911163330078, 0.04804348945617676
